Date (PST),Value (m)
2021-05-01 0:00,29.25
2021-05-01 0:05,29.249
2021-05-01 0:10,29.251
2021-05-01 0:15,29.25
2021-05-01 0:20,29.247
2021-05-01 0:25,29.25
2021-05-01 0:30,29.248
2021-05-01 0:35,29.247
2021-05-01 0:40,29.245
2021-05-01 0:45,29.247
2021-05-01 0:50,29.245
2021-05-01 0:55,29.242
2021-05-01 1:00,29.241
2021-05-01 1:05,29.242
2021-05-01 1:10,29.243
2021-05-01 1:15,29.243
2021-05-01 1:20,29.245
2021-05-01 1:25,29.245
2021-05-01 1:30,29.248
2021-05-01 1:35,29.247
2021-05-01 1:40,29.248
2021-05-01 1:45,29.244
2021-05-01 1:50,29.254
2021-05-01 1:55,29.254
2021-05-01 2:00,29.256
2021-05-01 2:05,29.245
2021-05-01 2:10,29.257
2021-05-01 2:15,29.259
2021-05-01 2:20,29.261
2021-05-01 2:25,29.26
2021-05-01 2:30,29.26
2021-05-01 2:35,29.261
2021-05-01 2:40,29.261
2021-05-01 2:45,29.262
2021-05-01 2:50,29.259
2021-05-01 2:55,29.259
2021-05-01 3:00,29.26
2021-05-01 3:05,29.261
2021-05-01 3:10,29.259
2021-05-01 3:15,29.26
2021-05-01 3:20,29.262
2021-05-01 3:25,29.261
2021-05-01 3:30,29.248
2021-05-01 3:35,29.263
2021-05-01 3:40,29.261
2021-05-01 3:45,29.26
2021-05-01 3:50,29.26
2021-05-01 3:55,29.261
2021-05-01 4:00,29.262
2021-05-01 4:05,29.26
2021-05-01 4:10,29.263
2021-05-01 4:15,29.261
2021-05-01 4:20,29.261
2021-05-01 4:25,29.261
2021-05-01 4:30,29.259
2021-05-01 4:35,29.262
2021-05-01 4:40,29.262
2021-05-01 4:45,29.261
2021-05-01 4:50,29.263
2021-05-01 4:55,29.263
2021-05-01 5:00,29.263
2021-05-01 5:05,29.264
2021-05-01 5:10,29.265
2021-05-01 5:15,29.262
2021-05-01 5:20,29.259
2021-05-01 5:25,29.261
2021-05-01 5:30,29.263
2021-05-01 5:35,29.263
2021-05-01 5:40,29.265
2021-05-01 5:45,29.265
2021-05-01 5:50,29.268
2021-05-01 5:55,29.265
2021-05-01 6:00,29.266
2021-05-01 6:05,29.268
2021-05-01 6:10,29.269
2021-05-01 6:15,29.257
2021-05-01 6:20,29.269
2021-05-01 6:25,29.27
2021-05-01 6:30,29.27
2021-05-01 6:35,29.268
2021-05-01 6:40,29.269
2021-05-01 6:45,29.271
2021-05-01 6:50,29.261
2021-05-01 6:55,29.271
2021-05-01 7:00,29.27
2021-05-01 7:05,29.27
2021-05-01 7:10,29.264
2021-05-01 7:15,29.264
2021-05-01 7:20,29.262
2021-05-01 7:25,29.256
2021-05-01 7:30,29.263
2021-05-01 7:35,29.264
2021-05-01 7:40,29.267
2021-05-01 7:45,29.263
2021-05-01 7:50,29.266
2021-05-01 7:55,29.267
2021-05-01 8:00,29.267
2021-05-01 8:05,29.267
2021-05-01 8:10,29.268
2021-05-01 8:15,29.266
2021-05-01 8:20,29.267
2021-05-01 8:25,29.265
2021-05-01 8:30,29.266
2021-05-01 8:35,29.267
2021-05-01 8:40,29.266
2021-05-01 8:45,29.266
2021-05-01 8:50,29.268
2021-05-01 8:55,29.267
2021-05-01 9:00,29.268
2021-05-01 9:05,29.269
2021-05-01 9:10,29.269
2021-05-01 9:15,29.27
2021-05-01 9:20,29.269
2021-05-01 9:25,29.271
2021-05-01 9:30,29.274
2021-05-01 9:35,29.275
2021-05-01 9:40,29.275
2021-05-01 9:45,29.277
2021-05-01 9:50,29.277
2021-05-01 9:55,29.28
2021-05-01 10:00,29.284
2021-05-01 10:05,29.279
2021-05-01 10:10,29.286
2021-05-01 10:15,29.285
2021-05-01 10:20,29.288
2021-05-01 10:25,29.293
2021-05-01 10:30,29.294
2021-05-01 10:35,29.291
2021-05-01 10:40,29.294
2021-05-01 10:45,29.297
2021-05-01 10:50,29.297
2021-05-01 10:55,29.298
2021-05-01 11:00,29.298
2021-05-01 11:05,29.3
2021-05-01 11:10,29.297
2021-05-01 11:15,29.298
2021-05-01 11:20,29.297
2021-05-01 11:25,29.298
2021-05-01 11:30,29.295
2021-05-01 11:35,29.295
2021-05-01 11:40,29.299
2021-05-01 11:45,29.299
2021-05-01 11:50,29.3
2021-05-01 11:55,29.304
2021-05-01 12:00,29.307
2021-05-01 12:05,29.307
2021-05-01 12:10,29.307
2021-05-01 12:15,29.31
2021-05-01 12:20,29.309
2021-05-01 12:25,29.308
2021-05-01 12:30,29.306
2021-05-01 12:35,29.31
2021-05-01 12:40,29.314
2021-05-01 12:45,29.313
2021-05-01 12:50,29.315
2021-05-01 12:55,29.315
2021-05-01 13:00,29.312
2021-05-01 13:05,29.318
2021-05-01 13:10,29.318
2021-05-01 13:15,29.319
2021-05-01 13:20,29.315
2021-05-01 13:25,29.319
2021-05-01 13:30,29.315
2021-05-01 13:35,29.312
2021-05-01 13:40,29.31
2021-05-01 13:45,29.308
2021-05-01 13:50,29.306
2021-05-01 13:55,29.311
2021-05-01 14:00,29.314
2021-05-01 14:05,29.312
2021-05-01 14:10,29.312
2021-05-01 14:15,29.318
2021-05-01 14:20,29.319
2021-05-01 14:25,29.321
2021-05-01 14:30,29.325
2021-05-01 14:35,29.325
2021-05-01 14:40,29.326
2021-05-01 14:45,29.325
2021-05-01 14:50,29.321
2021-05-01 14:55,29.319
2021-05-01 15:00,29.312
2021-05-01 15:05,29.315
2021-05-01 15:10,29.316
2021-05-01 15:15,29.316
2021-05-01 15:20,29.315
2021-05-01 15:25,29.315
2021-05-01 15:30,29.313
2021-05-01 15:35,29.312
2021-05-01 15:40,29.308
2021-05-01 15:45,29.296
2021-05-01 15:50,29.308
2021-05-01 15:55,29.31
2021-05-01 16:00,29.315
2021-05-01 16:05,29.317
2021-05-01 16:10,29.32
2021-05-01 16:15,29.305
2021-05-01 16:20,29.322
2021-05-01 16:25,29.322
2021-05-01 16:30,29.319
2021-05-01 16:35,29.322
2021-05-01 16:40,29.321
2021-05-01 16:45,29.326
2021-05-01 16:50,29.33
2021-05-01 16:55,29.336
2021-05-01 17:00,29.335
2021-05-01 17:05,29.335
2021-05-01 17:10,29.335
2021-05-01 17:15,29.331
2021-05-01 17:20,29.327
2021-05-01 17:25,29.326
2021-05-01 17:30,29.324
2021-05-01 17:35,29.33
2021-05-01 17:40,29.332
2021-05-01 17:45,29.333
2021-05-01 17:50,29.335
2021-05-01 17:55,29.334
2021-05-01 18:00,29.329
2021-05-01 18:05,29.329
2021-05-01 18:10,29.326
2021-05-01 18:15,29.325
2021-05-01 18:20,29.322
2021-05-01 18:25,29.325
2021-05-01 18:30,29.324
2021-05-01 18:35,29.324
2021-05-01 18:40,29.325
2021-05-01 18:45,29.321
2021-05-01 18:50,29.322
2021-05-01 18:55,29.322
2021-05-01 19:00,29.32
2021-05-01 19:05,29.321
2021-05-01 19:10,29.322
2021-05-01 19:15,29.324
2021-05-01 19:20,29.324
2021-05-01 19:25,29.321
2021-05-01 19:30,29.318
2021-05-01 19:35,29.318
2021-05-01 19:40,29.315
2021-05-01 19:45,29.313
2021-05-01 19:50,29.313
2021-05-01 19:55,29.307
2021-05-01 20:00,29.316
2021-05-01 20:05,29.317
2021-05-01 20:10,29.317
2021-05-01 20:15,29.315
2021-05-01 20:20,29.315
2021-05-01 20:25,29.312
2021-05-01 20:30,29.31
2021-05-01 20:35,29.31
2021-05-01 20:40,29.308
2021-05-01 20:45,29.31
2021-05-01 20:50,29.313
2021-05-01 20:55,29.313
2021-05-01 21:00,29.317
2021-05-01 21:05,29.315
2021-05-01 21:10,29.312
2021-05-01 21:15,29.305
2021-05-01 21:20,29.305
2021-05-01 21:25,29.308
2021-05-01 21:30,29.308
2021-05-01 21:35,29.311
2021-05-01 21:40,29.31
2021-05-01 21:45,29.309
2021-05-01 21:50,29.311
2021-05-01 21:55,29.312
2021-05-01 22:00,29.31
2021-05-01 22:05,29.309
2021-05-01 22:10,29.302
2021-05-01 22:15,29.304
2021-05-01 22:20,29.314
2021-05-01 22:25,29.319
2021-05-01 22:30,29.319
2021-05-01 22:35,29.32
2021-05-01 22:40,29.32
2021-05-01 22:45,29.321
2021-05-01 22:50,29.321
2021-05-01 22:55,29.318
2021-05-01 23:00,29.315
2021-05-01 23:05,29.316
2021-05-01 23:10,29.314
2021-05-01 23:15,29.315
2021-05-01 23:20,29.303
2021-05-01 23:25,29.316
2021-05-01 23:30,29.315
2021-05-01 23:35,29.313
2021-05-01 23:40,29.313
2021-05-01 23:45,29.312
2021-05-01 23:50,29.312
2021-05-01 23:55,29.305
2021-05-02 0:00,29.314
2021-05-02 0:05,29.317
2021-05-02 0:10,29.318
2021-05-02 0:15,29.321
2021-05-02 0:20,29.321
2021-05-02 0:25,29.319
2021-05-02 0:30,29.311
2021-05-02 0:35,29.319
2021-05-02 0:40,29.321
2021-05-02 0:45,29.317
2021-05-02 0:50,29.319
2021-05-02 0:55,29.32
2021-05-02 1:00,29.319
2021-05-02 1:05,29.318
2021-05-02 1:10,29.318
2021-05-02 1:15,29.321
2021-05-02 1:20,29.322
2021-05-02 1:25,29.32
2021-05-02 1:30,29.32
2021-05-02 1:35,29.319
2021-05-02 1:40,29.32
2021-05-02 1:45,29.323
2021-05-02 1:50,29.327
2021-05-02 1:55,29.327
2021-05-02 2:00,29.323
2021-05-02 2:05,29.322
2021-05-02 2:10,29.322
2021-05-02 2:15,29.324
2021-05-02 2:20,29.325
2021-05-02 2:25,29.324
2021-05-02 2:30,29.324
2021-05-02 2:35,29.325
2021-05-02 2:40,29.325
2021-05-02 2:45,29.324
2021-05-02 2:50,29.322
2021-05-02 2:55,29.32
2021-05-02 3:00,29.32
2021-05-02 3:05,29.302
2021-05-02 3:10,29.318
2021-05-02 3:15,29.319
2021-05-02 3:20,29.32
2021-05-02 3:25,29.32
2021-05-02 3:30,29.321
2021-05-02 3:35,29.321
2021-05-02 3:40,29.32
2021-05-02 3:45,29.321
2021-05-02 3:50,29.32
2021-05-02 3:55,29.32
2021-05-02 4:00,29.32
2021-05-02 4:05,29.322
2021-05-02 4:10,29.321
2021-05-02 4:15,29.321
2021-05-02 4:20,29.319
2021-05-02 4:25,29.318
2021-05-02 4:30,29.321
2021-05-02 4:35,29.322
2021-05-02 4:40,29.327
2021-05-02 4:45,29.326
2021-05-02 4:50,29.326
2021-05-02 4:55,29.327
2021-05-02 5:00,29.328
2021-05-02 5:05,29.327
2021-05-02 5:10,29.327
2021-05-02 5:15,29.325
2021-05-02 5:20,29.326
2021-05-02 5:25,29.328
2021-05-02 5:30,29.331
2021-05-02 5:35,29.33
2021-05-02 5:40,29.329
2021-05-02 5:45,29.329
2021-05-02 5:50,29.332
2021-05-02 5:55,29.32
2021-05-02 6:00,29.331
2021-05-02 6:05,29.327
2021-05-02 6:10,29.333
2021-05-02 6:15,29.331
2021-05-02 6:20,29.329
2021-05-02 6:25,29.331
2021-05-02 6:30,29.331
2021-05-02 6:35,29.333
2021-05-02 6:40,29.333
2021-05-02 6:45,29.336
2021-05-02 6:50,29.335
2021-05-02 6:55,29.337
2021-05-02 7:00,29.322
2021-05-02 7:05,29.337
2021-05-02 7:10,29.337
2021-05-02 7:15,29.336
2021-05-02 7:20,29.337
2021-05-02 7:25,29.339
2021-05-02 7:30,29.342
2021-05-02 7:35,29.34
2021-05-02 7:40,29.339
2021-05-02 7:45,29.337
2021-05-02 7:50,29.339
2021-05-02 7:55,29.339
2021-05-02 8:00,29.339
2021-05-02 8:05,29.34
2021-05-02 8:10,29.341
2021-05-02 8:15,29.342
2021-05-02 8:20,29.346
2021-05-02 8:25,29.349
2021-05-02 8:30,29.348
2021-05-02 8:35,29.348
2021-05-02 8:40,29.348
2021-05-02 8:45,29.345
2021-05-02 8:50,29.344
2021-05-02 8:55,29.338
2021-05-02 9:00,29.334
2021-05-02 9:05,29.333
2021-05-02 9:10,29.334
2021-05-02 9:15,29.337
2021-05-02 9:20,29.341
2021-05-02 9:25,29.345
2021-05-02 9:30,29.346
2021-05-02 9:35,29.35
2021-05-02 9:40,29.349
2021-05-02 9:45,29.346
2021-05-02 9:50,29.346
2021-05-02 9:55,29.343
2021-05-02 10:00,29.341
2021-05-02 10:05,29.329
2021-05-02 10:10,29.335
2021-05-02 10:15,29.341
2021-05-02 10:20,29.346
2021-05-02 10:25,29.347
2021-05-02 10:30,29.347
2021-05-02 10:35,29.351
2021-05-02 10:40,29.354
2021-05-02 10:45,29.36
2021-05-02 10:50,29.361
2021-05-02 10:55,29.366
2021-05-02 11:00,29.367
2021-05-02 11:05,29.367
2021-05-02 11:10,29.369
2021-05-02 11:15,29.37
2021-05-02 11:20,29.373
2021-05-02 11:25,29.372
2021-05-02 11:30,29.374
2021-05-02 11:35,29.371
2021-05-02 11:40,29.374
2021-05-02 11:45,29.374
2021-05-02 11:50,29.376
2021-05-02 11:55,29.373
2021-05-02 12:00,29.373
2021-05-02 12:05,29.374
2021-05-02 12:10,29.375
2021-05-02 12:15,29.364
2021-05-02 12:20,29.379
2021-05-02 12:25,29.382
2021-05-02 12:30,29.384
2021-05-02 12:35,29.385
2021-05-02 12:40,29.384
2021-05-02 12:45,29.384
2021-05-02 12:50,29.386
2021-05-02 12:55,29.385
2021-05-02 13:00,29.386
2021-05-02 13:05,29.374
2021-05-02 13:10,29.385
2021-05-02 13:15,29.383
2021-05-02 13:20,29.387
2021-05-02 13:25,29.389
2021-05-02 13:30,29.387
2021-05-02 13:35,29.386
2021-05-02 13:40,29.385
2021-05-02 13:45,29.388
2021-05-02 13:50,29.387
2021-05-02 13:55,29.386
2021-05-02 14:00,29.391
2021-05-02 14:05,29.389
2021-05-02 14:10,29.391
2021-05-02 14:15,29.387
2021-05-02 14:20,29.392
2021-05-02 14:25,29.392
2021-05-02 14:30,29.395
2021-05-02 14:35,29.395
2021-05-02 14:40,29.397
2021-05-02 14:45,29.398
2021-05-02 14:50,29.394
2021-05-02 14:55,29.395
2021-05-02 15:00,29.39
2021-05-02 15:05,29.39
2021-05-02 15:10,29.39
2021-05-02 15:15,29.389
2021-05-02 15:20,29.39
2021-05-02 15:25,29.391
2021-05-02 15:30,29.392
2021-05-02 15:35,29.391
2021-05-02 15:40,29.391
2021-05-02 15:45,29.389
2021-05-02 15:50,29.389
2021-05-02 15:55,29.393
2021-05-02 16:00,29.395
2021-05-02 16:05,29.393
2021-05-02 16:10,29.391
2021-05-02 16:15,29.394
2021-05-02 16:20,29.396
2021-05-02 16:25,29.4
2021-05-02 16:30,29.397
2021-05-02 16:35,29.398
2021-05-02 16:40,29.396
2021-05-02 16:45,29.398
2021-05-02 16:50,29.399
2021-05-02 16:55,29.397
2021-05-02 17:00,29.394
2021-05-02 17:05,29.391
2021-05-02 17:10,29.392
2021-05-02 17:15,29.389
2021-05-02 17:20,29.389
2021-05-02 17:25,29.389
2021-05-02 17:30,29.388
2021-05-02 17:35,29.388
2021-05-02 17:40,29.392
2021-05-02 17:45,29.39
2021-05-02 17:50,29.387
2021-05-02 17:55,29.392
2021-05-02 18:00,29.39
2021-05-02 18:05,29.389
2021-05-02 18:10,29.387
2021-05-02 18:15,29.389
2021-05-02 18:20,29.391
2021-05-02 18:25,29.389
2021-05-02 18:30,29.387
2021-05-02 18:35,29.385
2021-05-02 18:40,29.388
2021-05-02 18:45,29.389
2021-05-02 18:50,29.386
2021-05-02 18:55,29.385
2021-05-02 19:00,29.387
2021-05-02 19:05,29.384
2021-05-02 19:10,29.385
2021-05-02 19:15,29.382
2021-05-02 19:20,29.385
2021-05-02 19:25,29.385
2021-05-02 19:30,29.38
2021-05-02 19:35,29.383
2021-05-02 19:40,29.386
2021-05-02 19:45,29.385
2021-05-02 19:50,29.383
2021-05-02 19:55,29.382
2021-05-02 20:00,29.38
2021-05-02 20:05,29.38
2021-05-02 20:10,29.377
2021-05-02 20:15,29.379
2021-05-02 20:20,29.379
2021-05-02 20:25,29.38
2021-05-02 20:30,29.377
2021-05-02 20:35,29.376
2021-05-02 20:40,29.377
2021-05-02 20:45,29.375
2021-05-02 20:50,29.376
2021-05-02 20:55,29.375
2021-05-02 21:00,29.375
2021-05-02 21:05,29.375
2021-05-02 21:10,29.379
2021-05-02 21:15,29.379
2021-05-02 21:20,29.374
2021-05-02 21:25,29.379
2021-05-02 21:30,29.381
2021-05-02 21:35,29.379
2021-05-02 21:40,29.379
2021-05-02 21:45,29.373
2021-05-02 21:50,29.373
2021-05-02 21:55,29.374
2021-05-02 22:00,29.377
2021-05-02 22:05,29.375
2021-05-02 22:10,29.374
2021-05-02 22:15,29.37
2021-05-02 22:20,29.373
2021-05-02 22:25,29.38
2021-05-02 22:30,29.382
2021-05-02 22:35,29.382
2021-05-02 22:40,29.381
2021-05-02 22:45,29.385
2021-05-02 22:50,29.385
2021-05-02 22:55,29.388
2021-05-02 23:00,29.387
2021-05-02 23:05,29.374
2021-05-02 23:10,29.377
2021-05-02 23:15,29.376
2021-05-02 23:20,29.382
2021-05-02 23:25,29.382
2021-05-02 23:30,29.384
2021-05-02 23:35,29.386
2021-05-02 23:40,29.384
2021-05-02 23:45,29.383
2021-05-02 23:50,29.381
2021-05-02 23:55,29.377
2021-05-03 0:00,29.381
2021-05-03 0:05,29.386
2021-05-03 0:10,29.386
2021-05-03 0:15,29.387
2021-05-03 0:20,29.39
2021-05-03 0:25,29.39
2021-05-03 0:30,29.392
2021-05-03 0:35,29.39
2021-05-03 0:40,29.395
2021-05-03 0:45,29.395
2021-05-03 0:50,29.393
2021-05-03 0:55,29.395
2021-05-03 1:00,29.396
2021-05-03 1:05,29.396
2021-05-03 1:10,29.397
2021-05-03 1:15,29.397
2021-05-03 1:20,29.387
2021-05-03 1:25,29.392
2021-05-03 1:30,29.393
2021-05-03 1:35,29.398
2021-05-03 1:40,29.396
2021-05-03 1:45,29.393
2021-05-03 1:50,29.396
2021-05-03 1:55,29.396
2021-05-03 2:00,29.395
2021-05-03 2:05,29.388
2021-05-03 2:10,29.399
2021-05-03 2:15,29.392
2021-05-03 2:20,29.395
2021-05-03 2:25,29.395
2021-05-03 2:30,29.394
2021-05-03 2:35,29.393
2021-05-03 2:40,29.395
2021-05-03 2:45,29.392
2021-05-03 2:50,29.402
2021-05-03 2:55,29.4
2021-05-03 3:00,29.397
2021-05-03 3:05,29.394
2021-05-03 3:10,29.393
2021-05-03 3:15,29.4
2021-05-03 3:20,29.4
2021-05-03 3:25,29.399
2021-05-03 3:30,29.397
2021-05-03 3:35,29.397
2021-05-03 3:40,29.398
2021-05-03 3:45,29.399
2021-05-03 3:50,29.401
2021-05-03 3:55,29.397
2021-05-03 4:00,29.399
2021-05-03 4:05,29.399
2021-05-03 4:10,29.401
2021-05-03 4:15,29.402
2021-05-03 4:20,29.392
2021-05-03 4:25,29.389
2021-05-03 4:30,29.403
2021-05-03 4:35,29.404
2021-05-03 4:40,29.4
2021-05-03 4:45,29.401
2021-05-03 4:50,29.4
2021-05-03 4:55,29.4
2021-05-03 5:00,29.398
2021-05-03 5:05,29.402
2021-05-03 5:10,29.401
2021-05-03 5:15,29.404
2021-05-03 5:20,29.4
2021-05-03 5:25,29.402
2021-05-03 5:30,29.405
2021-05-03 5:35,29.405
2021-05-03 5:40,29.406
2021-05-03 5:45,29.409
2021-05-03 5:50,29.404
2021-05-03 5:55,29.406
2021-05-03 6:00,29.403
2021-05-03 6:05,29.407
2021-05-03 6:10,29.407
2021-05-03 6:15,29.405
2021-05-03 6:20,29.404
2021-05-03 6:25,29.41
2021-05-03 6:30,29.408
2021-05-03 6:35,29.409
2021-05-03 6:40,29.407
2021-05-03 6:45,29.41
2021-05-03 6:50,29.412
2021-05-03 6:55,29.415
2021-05-03 7:00,29.414
2021-05-03 7:05,29.415
2021-05-03 7:10,29.413
2021-05-03 7:15,29.41
2021-05-03 7:20,29.403
2021-05-03 7:25,29.417
2021-05-03 7:30,29.406
2021-05-03 7:35,29.407
2021-05-03 7:40,29.41
2021-05-03 7:45,29.411
2021-05-03 7:50,29.417
2021-05-03 7:55,29.411
2021-05-03 8:00,29.414
2021-05-03 8:05,29.41
2021-05-03 8:10,29.414
2021-05-03 8:15,29.411
2021-05-03 8:20,29.413
2021-05-03 8:25,29.408
2021-05-03 8:30,29.409
2021-05-03 8:35,29.406
2021-05-03 8:40,29.406
2021-05-03 8:45,29.404
2021-05-03 8:50,29.407
2021-05-03 8:55,29.411
2021-05-03 9:00,29.409
2021-05-03 9:05,29.409
2021-05-03 9:10,29.408
2021-05-03 9:15,29.407
2021-05-03 9:20,29.408
2021-05-03 9:25,29.408
2021-05-03 9:30,29.41
2021-05-03 9:35,29.396
2021-05-03 9:40,29.411
2021-05-03 9:45,29.41
2021-05-03 9:50,29.411
2021-05-03 9:55,29.408
2021-05-03 10:00,29.409
2021-05-03 10:05,29.409
2021-05-03 10:10,29.407
2021-05-03 10:15,29.402
2021-05-03 10:20,29.402
2021-05-03 10:25,29.407
2021-05-03 10:30,29.41
2021-05-03 10:35,29.409
2021-05-03 10:40,29.41
2021-05-03 10:45,29.412
2021-05-03 10:50,29.416
2021-05-03 10:55,29.416
2021-05-03 11:00,29.417
2021-05-03 11:05,29.418
2021-05-03 11:10,29.417
2021-05-03 11:15,29.419
2021-05-03 11:20,29.421
2021-05-03 11:25,29.418
2021-05-03 11:30,29.413
2021-05-03 11:35,29.414
2021-05-03 11:40,29.419
2021-05-03 11:45,29.422
2021-05-03 11:50,29.422
2021-05-03 11:55,29.419
2021-05-03 12:00,29.42
2021-05-03 12:05,29.424
2021-05-03 12:10,29.426
2021-05-03 12:15,29.429
2021-05-03 12:20,29.427
2021-05-03 12:25,29.426
2021-05-03 12:30,29.427
2021-05-03 12:35,29.417
2021-05-03 12:40,29.419
2021-05-03 12:45,29.428
2021-05-03 12:50,29.427
2021-05-03 12:55,29.427
2021-05-03 13:00,29.423
2021-05-03 13:05,29.427
2021-05-03 13:10,29.42
2021-05-03 13:15,29.429
2021-05-03 13:20,29.429
2021-05-03 13:25,29.43
2021-05-03 13:30,29.43
2021-05-03 13:35,29.43
2021-05-03 13:40,29.429
2021-05-03 13:45,29.428
2021-05-03 13:50,29.427
2021-05-03 13:55,29.426
2021-05-03 14:00,29.418
2021-05-03 14:05,29.428
2021-05-03 14:10,29.429
2021-05-03 14:15,29.429
2021-05-03 14:20,29.427
2021-05-03 14:25,29.429
2021-05-03 14:30,29.429
2021-05-03 14:35,29.431
2021-05-03 14:40,29.432
2021-05-03 14:45,29.433
2021-05-03 14:50,29.434
2021-05-03 14:55,29.44
2021-05-03 15:00,29.438
2021-05-03 15:05,29.448
2021-05-03 15:10,29.448
2021-05-03 15:15,29.451
2021-05-03 15:20,29.454
2021-05-03 15:25,29.454
2021-05-03 15:30,29.452
2021-05-03 15:35,29.445
2021-05-03 15:40,29.441
2021-05-03 15:45,29.438
2021-05-03 15:50,29.436
2021-05-03 15:55,29.425
2021-05-03 16:00,29.43
2021-05-03 16:05,29.43
2021-05-03 16:10,29.435
2021-05-03 16:15,29.433
2021-05-03 16:20,29.433
2021-05-03 16:25,29.431
2021-05-03 16:30,29.437
2021-05-03 16:35,29.439
2021-05-03 16:40,29.438
2021-05-03 16:45,29.436
2021-05-03 16:50,29.436
2021-05-03 16:55,29.44
2021-05-03 17:00,29.436
2021-05-03 17:05,29.433
2021-05-03 17:10,29.432
2021-05-03 17:15,29.434
2021-05-03 17:20,29.438
2021-05-03 17:25,29.439
2021-05-03 17:30,29.437
2021-05-03 17:35,29.436
2021-05-03 17:40,29.438
2021-05-03 17:45,29.439
2021-05-03 17:50,29.441
2021-05-03 17:55,29.439
2021-05-03 18:00,29.442
2021-05-03 18:05,29.444
2021-05-03 18:10,29.443
2021-05-03 18:15,29.444
2021-05-03 18:20,29.443
2021-05-03 18:25,29.443
2021-05-03 18:30,29.442
2021-05-03 18:35,29.443
2021-05-03 18:40,29.439
2021-05-03 18:45,29.438
2021-05-03 18:50,29.441
2021-05-03 18:55,29.442
2021-05-03 19:00,29.431
2021-05-03 19:05,29.438
2021-05-03 19:10,29.441
2021-05-03 19:15,29.443
2021-05-03 19:20,29.442
2021-05-03 19:25,29.444
2021-05-03 19:30,29.446
2021-05-03 19:35,29.446
2021-05-03 19:40,29.446
2021-05-03 19:45,29.449
2021-05-03 19:50,29.436
2021-05-03 19:55,29.443
2021-05-03 20:00,29.444
2021-05-03 20:05,29.44
2021-05-03 20:10,29.438
2021-05-03 20:15,29.442
2021-05-03 20:20,29.443
2021-05-03 20:25,29.444
2021-05-03 20:30,29.448
2021-05-03 20:35,29.451
2021-05-03 20:40,29.455
2021-05-03 20:45,29.457
2021-05-03 20:50,29.457
2021-05-03 20:55,29.455
2021-05-03 21:00,29.456
2021-05-03 21:05,29.457
2021-05-03 21:10,29.456
2021-05-03 21:15,29.454
2021-05-03 21:20,29.456
2021-05-03 21:25,29.452
2021-05-03 21:30,29.452
2021-05-03 21:35,29.45
2021-05-03 21:40,29.453
2021-05-03 21:45,29.455
2021-05-03 21:50,29.455
2021-05-03 21:55,29.455
2021-05-03 22:00,29.456
2021-05-03 22:05,29.456
2021-05-03 22:10,29.458
2021-05-03 22:15,29.459
2021-05-03 22:20,29.459
2021-05-03 22:25,29.454
2021-05-03 22:30,29.451
2021-05-03 22:35,29.454
2021-05-03 22:40,29.455
2021-05-03 22:45,29.455
2021-05-03 22:50,29.454
2021-05-03 22:55,29.455
2021-05-03 23:00,29.453
2021-05-03 23:05,29.452
2021-05-03 23:10,29.453
2021-05-03 23:15,29.45
2021-05-03 23:20,29.454
2021-05-03 23:25,29.452
2021-05-03 23:30,29.451
2021-05-03 23:35,29.453
2021-05-03 23:40,29.453
2021-05-03 23:45,29.451
2021-05-03 23:50,29.452
2021-05-03 23:55,29.443
2021-05-04 0:00,29.452
2021-05-04 0:05,29.45
2021-05-04 0:10,29.448
2021-05-04 0:15,29.45
2021-05-04 0:20,29.45
2021-05-04 0:25,29.452
2021-05-04 0:30,29.452
2021-05-04 0:35,29.452
2021-05-04 0:40,29.452
2021-05-04 0:45,29.453
2021-05-04 0:50,29.453
2021-05-04 0:55,29.455
2021-05-04 1:00,29.456
2021-05-04 1:05,29.455
2021-05-04 1:10,29.454
2021-05-04 1:15,29.452
2021-05-04 1:20,29.45
2021-05-04 1:25,29.455
2021-05-04 1:30,29.455
2021-05-04 1:35,29.453
2021-05-04 1:40,29.453
2021-05-04 1:45,29.455
2021-05-04 1:50,29.453
2021-05-04 1:55,29.454
2021-05-04 2:00,29.456
2021-05-04 2:05,29.457
2021-05-04 2:10,29.457
2021-05-04 2:15,29.457
2021-05-04 2:20,29.46
2021-05-04 2:25,29.457
2021-05-04 2:30,29.456
2021-05-04 2:35,29.459
2021-05-04 2:40,29.46
2021-05-04 2:45,29.458
2021-05-04 2:50,29.457
2021-05-04 2:55,29.446
2021-05-04 3:00,29.458
2021-05-04 3:05,29.458
2021-05-04 3:10,29.458
2021-05-04 3:15,29.46
2021-05-04 3:20,29.458
2021-05-04 3:25,29.457
2021-05-04 3:30,29.459
2021-05-04 3:35,29.46
2021-05-04 3:40,29.461
2021-05-04 3:45,29.46
2021-05-04 3:50,29.462
2021-05-04 3:55,29.463
2021-05-04 4:00,29.46
2021-05-04 4:05,29.46
2021-05-04 4:10,29.462
2021-05-04 4:15,29.465
2021-05-04 4:20,29.462
2021-05-04 4:25,29.46
2021-05-04 4:30,29.461
2021-05-04 4:35,29.458
2021-05-04 4:40,29.462
2021-05-04 4:45,29.463
2021-05-04 4:50,29.463
2021-05-04 4:55,29.463
2021-05-04 5:00,29.466
2021-05-04 5:05,29.467
2021-05-04 5:10,29.466
2021-05-04 5:15,29.464
2021-05-04 5:20,29.463
2021-05-04 5:25,29.466
2021-05-04 5:30,29.47
2021-05-04 5:35,29.468
2021-05-04 5:40,29.465
2021-05-04 5:45,29.468
2021-05-04 5:50,29.469
2021-05-04 5:55,29.461
2021-05-04 6:00,29.467
2021-05-04 6:05,29.467
2021-05-04 6:10,29.468
2021-05-04 6:15,29.469
2021-05-04 6:20,29.468
2021-05-04 6:25,29.468
2021-05-04 6:30,29.465
2021-05-04 6:35,29.466
2021-05-04 6:40,29.462
2021-05-04 6:45,29.467
2021-05-04 6:50,29.469
2021-05-04 6:55,29.471
2021-05-04 7:00,29.48
2021-05-04 7:05,29.481
2021-05-04 7:10,29.483
2021-05-04 7:15,29.481
2021-05-04 7:20,29.478
2021-05-04 7:25,29.475
2021-05-04 7:30,29.475
2021-05-04 7:35,29.475
2021-05-04 7:40,29.474
2021-05-04 7:45,29.476
2021-05-04 7:50,29.477
2021-05-04 7:55,29.475
2021-05-04 8:00,29.474
2021-05-04 8:05,29.475
2021-05-04 8:10,29.477
2021-05-04 8:15,29.479
2021-05-04 8:20,29.477
2021-05-04 8:25,29.478
2021-05-04 8:30,29.478
2021-05-04 8:35,29.468
2021-05-04 8:40,29.477
2021-05-04 8:45,29.478
2021-05-04 8:50,29.478
2021-05-04 8:55,29.479
2021-05-04 9:00,29.478
2021-05-04 9:05,29.478
2021-05-04 9:10,29.478
2021-05-04 9:15,29.48
2021-05-04 9:20,29.481
2021-05-04 9:25,29.484
2021-05-04 9:30,29.487
2021-05-04 9:35,29.488
2021-05-04 9:40,29.486
2021-05-04 9:45,29.488
2021-05-04 9:50,29.489
2021-05-04 9:55,29.482
2021-05-04 10:00,29.482
2021-05-04 10:05,29.479
2021-05-04 10:10,29.48
2021-05-04 10:15,29.478
2021-05-04 10:20,29.479
2021-05-04 10:25,29.482
2021-05-04 10:30,29.482
2021-05-04 10:35,29.489
2021-05-04 10:40,29.489
2021-05-04 10:45,29.49
2021-05-04 10:50,29.49
2021-05-04 10:55,29.494
2021-05-04 11:00,29.493
2021-05-04 11:05,29.498
2021-05-04 11:10,29.496
2021-05-04 11:15,29.5
2021-05-04 11:20,29.502
2021-05-04 11:25,29.495
2021-05-04 11:30,29.504
2021-05-04 11:35,29.505
2021-05-04 11:40,29.507
2021-05-04 11:45,29.507
2021-05-04 11:50,29.509
2021-05-04 11:55,29.511
2021-05-04 12:00,29.512
2021-05-04 12:05,29.511
2021-05-04 12:10,29.509
2021-05-04 12:15,29.507
2021-05-04 12:20,29.509
2021-05-04 12:25,29.508
2021-05-04 12:30,29.509
2021-05-04 12:35,29.508
2021-05-04 12:40,29.511
2021-05-04 12:45,29.514
2021-05-04 12:50,29.515
2021-05-04 12:55,29.515
2021-05-04 13:00,29.515
2021-05-04 13:05,29.514
2021-05-04 13:10,29.511
2021-05-04 13:15,29.511
2021-05-04 13:20,29.509
2021-05-04 13:25,29.512
2021-05-04 13:30,29.512
2021-05-04 13:35,29.513
2021-05-04 13:40,29.515
2021-05-04 13:45,29.501
2021-05-04 13:50,29.52
2021-05-04 13:55,29.517
2021-05-04 14:00,29.519
2021-05-04 14:05,29.518
2021-05-04 14:10,29.52
2021-05-04 14:15,29.522
2021-05-04 14:20,29.523
2021-05-04 14:25,29.516
2021-05-04 14:30,29.525
2021-05-04 14:35,29.53
2021-05-04 14:40,29.532
2021-05-04 14:45,29.531
2021-05-04 14:50,29.53
2021-05-04 14:55,29.53
2021-05-04 15:00,29.531
2021-05-04 15:05,29.529
2021-05-04 15:10,29.53
2021-05-04 15:15,29.53
2021-05-04 15:20,29.532
2021-05-04 15:25,29.532
2021-05-04 15:30,29.532
2021-05-04 15:35,29.53
2021-05-04 15:40,29.529
2021-05-04 15:45,29.531
2021-05-04 15:50,29.53
2021-05-04 15:55,29.527
2021-05-04 16:00,29.527
2021-05-04 16:05,29.528
2021-05-04 16:10,29.528
2021-05-04 16:15,29.528
2021-05-04 16:20,29.531
2021-05-04 16:25,29.53
2021-05-04 16:30,29.534
2021-05-04 16:35,29.534
2021-05-04 16:40,29.533
2021-05-04 16:45,29.531
2021-05-04 16:50,29.533
2021-05-04 16:55,29.537
2021-05-04 17:00,29.537
2021-05-04 17:05,29.536
2021-05-04 17:10,29.536
2021-05-04 17:15,29.529
2021-05-04 17:20,29.532
2021-05-04 17:25,29.533
2021-05-04 17:30,29.526
2021-05-04 17:35,29.533
2021-05-04 17:40,29.532
2021-05-04 17:45,29.533
2021-05-04 17:50,29.534
2021-05-04 17:55,29.534
2021-05-04 18:00,29.53
2021-05-04 18:05,29.53
2021-05-04 18:10,29.531
2021-05-04 18:15,29.53
2021-05-04 18:20,29.528
2021-05-04 18:25,29.529
2021-05-04 18:30,29.528
2021-05-04 18:35,29.527
2021-05-04 18:40,29.526
2021-05-04 18:45,29.525
2021-05-04 18:50,29.528
2021-05-04 18:55,29.526
2021-05-04 19:00,29.524
2021-05-04 19:05,29.524
2021-05-04 19:10,29.517
2021-05-04 19:15,29.52
2021-05-04 19:20,29.517
2021-05-04 19:25,29.517
2021-05-04 19:30,29.519
2021-05-04 19:35,29.514
2021-05-04 19:40,29.517
2021-05-04 19:45,29.517
2021-05-04 19:50,29.517
2021-05-04 19:55,29.516
2021-05-04 20:00,29.514
2021-05-04 20:05,29.516
2021-05-04 20:10,29.515
2021-05-04 20:15,29.515
2021-05-04 20:20,29.518
2021-05-04 20:25,29.516
2021-05-04 20:30,29.513
2021-05-04 20:35,29.515
2021-05-04 20:40,29.513
2021-05-04 20:45,29.515
2021-05-04 20:50,29.517
2021-05-04 20:55,29.518
2021-05-04 21:00,29.507
2021-05-04 21:05,29.515
2021-05-04 21:10,29.514
2021-05-04 21:15,29.513
2021-05-04 21:20,29.514
2021-05-04 21:25,29.512
2021-05-04 21:30,29.511
2021-05-04 21:35,29.512
2021-05-04 21:40,29.513
2021-05-04 21:45,29.515
2021-05-04 21:50,29.508
2021-05-04 21:55,29.514
2021-05-04 22:00,29.514
2021-05-04 22:05,29.51
2021-05-04 22:10,29.508
2021-05-04 22:15,29.508
2021-05-04 22:20,29.51
2021-05-04 22:25,29.513
2021-05-04 22:30,29.517
2021-05-04 22:35,29.519
2021-05-04 22:40,29.517
2021-05-04 22:45,29.524
2021-05-04 22:50,29.526
2021-05-04 22:55,29.525
2021-05-04 23:00,29.516
2021-05-04 23:05,29.522
2021-05-04 23:10,29.525
2021-05-04 23:15,29.526
2021-05-04 23:20,29.525
2021-05-04 23:25,29.522
2021-05-04 23:30,29.51
2021-05-04 23:35,29.523
2021-05-04 23:40,29.519
2021-05-04 23:45,29.521
2021-05-04 23:50,29.521
2021-05-04 23:55,29.521
2021-05-05 0:00,29.518
2021-05-05 0:05,29.52
2021-05-05 0:10,29.52
2021-05-05 0:15,29.509
2021-05-05 0:20,29.519
2021-05-05 0:25,29.519
2021-05-05 0:30,29.521
2021-05-05 0:35,29.518
2021-05-05 0:40,29.524
2021-05-05 0:45,29.523
2021-05-05 0:50,29.52
2021-05-05 0:55,29.52
2021-05-05 1:00,29.522
2021-05-05 1:05,29.522
2021-05-05 1:10,29.523
2021-05-05 1:15,29.523
2021-05-05 1:20,29.522
2021-05-05 1:25,29.52
2021-05-05 1:30,29.521
2021-05-05 1:35,29.521
2021-05-05 1:40,29.524
2021-05-05 1:45,29.524
2021-05-05 1:50,29.525
2021-05-05 1:55,29.526
2021-05-05 2:00,29.528
2021-05-05 2:05,29.523
2021-05-05 2:10,29.523
2021-05-05 2:15,29.521
2021-05-05 2:20,29.523
2021-05-05 2:25,29.522
2021-05-05 2:30,29.523
2021-05-05 2:35,29.525
2021-05-05 2:40,29.525
2021-05-05 2:45,29.525
2021-05-05 2:50,29.527
2021-05-05 2:55,29.527
2021-05-05 3:00,29.527
2021-05-05 3:05,29.527
2021-05-05 3:10,29.529
2021-05-05 3:15,29.525
2021-05-05 3:20,29.527
2021-05-05 3:25,29.525
2021-05-05 3:30,29.529
2021-05-05 3:35,29.524
2021-05-05 3:40,29.527
2021-05-05 3:45,29.521
2021-05-05 3:50,29.525
2021-05-05 3:55,29.526
2021-05-05 4:00,29.525
2021-05-05 4:05,29.525
2021-05-05 4:10,29.525
2021-05-05 4:15,29.529
2021-05-05 4:20,29.527
2021-05-05 4:25,29.528
2021-05-05 4:30,29.524
2021-05-05 4:35,29.524
2021-05-05 4:40,29.511
2021-05-05 4:45,29.526
2021-05-05 4:50,29.525
2021-05-05 4:55,29.527
2021-05-05 5:00,29.53
2021-05-05 5:05,29.53
2021-05-05 5:10,29.532
2021-05-05 5:15,29.533
2021-05-05 5:20,29.527
2021-05-05 5:25,29.527
2021-05-05 5:30,29.517
2021-05-05 5:35,29.531
2021-05-05 5:40,29.525
2021-05-05 5:45,29.53
2021-05-05 5:50,29.531
2021-05-05 5:55,29.534
2021-05-05 6:00,29.534
2021-05-05 6:05,29.532
2021-05-05 6:10,29.521
2021-05-05 6:15,29.533
2021-05-05 6:20,29.538
2021-05-05 6:25,29.538
2021-05-05 6:30,29.538
2021-05-05 6:35,29.538
2021-05-05 6:40,29.539
2021-05-05 6:45,29.527
2021-05-05 6:50,29.54
2021-05-05 6:55,29.541
2021-05-05 7:00,29.547
2021-05-05 7:05,29.549
2021-05-05 7:10,29.545
2021-05-05 7:15,29.538
2021-05-05 7:20,29.532
2021-05-05 7:25,29.533
2021-05-05 7:30,29.538
2021-05-05 7:35,29.541
2021-05-05 7:40,29.538
2021-05-05 7:45,29.54
2021-05-05 7:50,29.542
2021-05-05 7:55,29.544
2021-05-05 8:00,29.543
2021-05-05 8:05,29.545
2021-05-05 8:10,29.547
2021-05-05 8:15,29.547
2021-05-05 8:20,29.547
2021-05-05 8:25,29.548
2021-05-05 8:30,29.544
2021-05-05 8:35,29.539
2021-05-05 8:40,29.544
2021-05-05 8:45,29.55
2021-05-05 8:50,29.552
2021-05-05 8:55,29.55
2021-05-05 9:00,29.549
2021-05-05 9:05,29.55
2021-05-05 9:10,29.555
2021-05-05 9:15,29.555
2021-05-05 9:20,29.557
2021-05-05 9:25,29.56
2021-05-05 9:30,29.564
2021-05-05 9:35,29.564
2021-05-05 9:40,29.567
2021-05-05 9:45,29.571
2021-05-05 9:50,29.57
2021-05-05 9:55,29.567
2021-05-05 10:00,29.567
2021-05-05 10:05,29.569
2021-05-05 10:10,29.568
2021-05-05 10:15,29.572
2021-05-05 10:20,29.575
2021-05-05 10:25,29.575
2021-05-05 10:30,29.574
2021-05-05 10:35,29.575
2021-05-05 10:40,29.577
2021-05-05 10:45,29.578
2021-05-05 10:50,29.575
2021-05-05 10:55,29.579
2021-05-05 11:00,29.578
2021-05-05 11:05,29.577
2021-05-05 11:10,29.578
2021-05-05 11:15,29.578
2021-05-05 11:20,29.576
2021-05-05 11:25,29.576
2021-05-05 11:30,29.577
2021-05-05 11:35,29.577
2021-05-05 11:40,29.575
2021-05-05 11:45,29.574
2021-05-05 11:50,29.579
2021-05-05 11:55,29.58
2021-05-05 12:00,29.58
2021-05-05 12:05,29.584
2021-05-05 12:10,29.572
2021-05-05 12:15,29.583
2021-05-05 12:20,29.583
2021-05-05 12:25,29.585
2021-05-05 12:30,29.586
2021-05-05 12:35,29.588
2021-05-05 12:40,29.585
2021-05-05 12:45,29.589
2021-05-05 12:50,29.588
2021-05-05 12:55,29.586
2021-05-05 13:00,29.585
2021-05-05 13:05,29.586
2021-05-05 13:10,29.588
2021-05-05 13:15,29.589
2021-05-05 13:20,29.584
2021-05-05 13:25,29.583
2021-05-05 13:30,29.58
2021-05-05 13:35,29.582
2021-05-05 13:40,29.582
2021-05-05 13:45,29.583
2021-05-05 13:50,29.58
2021-05-05 13:55,29.578
2021-05-05 14:00,29.58
2021-05-05 14:05,29.581
2021-05-05 14:10,29.581
2021-05-05 14:15,29.578
2021-05-05 14:20,29.58
2021-05-05 14:25,29.582
2021-05-05 14:30,29.582
2021-05-05 14:35,29.58
2021-05-05 14:40,29.58
2021-05-05 14:45,29.575
2021-05-05 14:50,29.583
2021-05-05 14:55,29.58
2021-05-05 15:00,29.58
2021-05-05 15:05,29.58
2021-05-05 15:10,29.582
2021-05-05 15:15,29.584
2021-05-05 15:20,29.587
2021-05-05 15:25,29.587
2021-05-05 15:30,29.587
2021-05-05 15:35,29.584
2021-05-05 15:40,29.584
2021-05-05 15:45,29.586
2021-05-05 15:50,29.581
2021-05-05 15:55,29.586
2021-05-05 16:00,29.589
2021-05-05 16:05,29.587
2021-05-05 16:10,29.586
2021-05-05 16:15,29.589
2021-05-05 16:20,29.587
2021-05-05 16:25,29.586
2021-05-05 16:30,29.591
2021-05-05 16:35,29.591
2021-05-05 16:40,29.592
2021-05-05 16:45,29.593
2021-05-05 16:50,29.593
2021-05-05 16:55,29.595
2021-05-05 17:00,29.594
2021-05-05 17:05,29.595
2021-05-05 17:10,29.598
2021-05-05 17:15,29.594
2021-05-05 17:20,29.598
2021-05-05 17:25,29.597
2021-05-05 17:30,29.597
2021-05-05 17:35,29.599
2021-05-05 17:40,29.594
2021-05-05 17:45,29.597
2021-05-05 17:50,29.598
2021-05-05 17:55,29.598
2021-05-05 18:00,29.595
2021-05-05 18:05,29.594
2021-05-05 18:10,29.597
2021-05-05 18:15,29.595
2021-05-05 18:20,29.596
2021-05-05 18:25,29.598
2021-05-05 18:30,29.599
2021-05-05 18:35,29.6
2021-05-05 18:40,29.596
2021-05-05 18:45,29.596
2021-05-05 18:50,29.593
2021-05-05 18:55,29.59
2021-05-05 19:00,29.59
2021-05-05 19:05,29.592
2021-05-05 19:10,29.589
2021-05-05 19:15,29.591
2021-05-05 19:20,29.591
2021-05-05 19:25,29.587
2021-05-05 19:30,29.589
2021-05-05 19:35,29.587
2021-05-05 19:40,29.585
2021-05-05 19:45,29.585
2021-05-05 19:50,29.586
2021-05-05 19:55,29.59
2021-05-05 20:00,29.585
2021-05-05 20:05,29.582
2021-05-05 20:10,29.582
2021-05-05 20:15,29.582
2021-05-05 20:20,29.581
2021-05-05 20:25,29.58
2021-05-05 20:30,29.579
2021-05-05 20:35,29.575
2021-05-05 20:40,29.58
2021-05-05 20:45,29.581
2021-05-05 20:50,29.578
2021-05-05 20:55,29.581
2021-05-05 21:00,29.578
2021-05-05 21:05,29.57
2021-05-05 21:10,29.576
2021-05-05 21:15,29.576
2021-05-05 21:20,29.574
2021-05-05 21:25,29.576
2021-05-05 21:30,29.578
2021-05-05 21:35,29.564
2021-05-05 21:40,29.577
2021-05-05 21:45,29.576
2021-05-05 21:50,29.576
2021-05-05 21:55,29.568
2021-05-05 22:00,29.574
2021-05-05 22:05,29.575
2021-05-05 22:10,29.572
2021-05-05 22:15,29.576
2021-05-05 22:20,29.578
2021-05-05 22:25,29.576
2021-05-05 22:30,29.577
2021-05-05 22:35,29.577
2021-05-05 22:40,29.577
2021-05-05 22:45,29.575
2021-05-05 22:50,29.575
2021-05-05 22:55,29.577
2021-05-05 23:00,29.577
2021-05-05 23:05,29.578
2021-05-05 23:10,29.579
2021-05-05 23:15,29.577
2021-05-05 23:20,29.579
2021-05-05 23:25,29.578
2021-05-05 23:30,29.577
2021-05-05 23:35,29.568
2021-05-05 23:40,29.577
2021-05-05 23:45,29.581
2021-05-05 23:50,29.579
2021-05-05 23:55,29.578
2021-05-06 0:00,29.581
2021-05-06 0:05,29.578
2021-05-06 0:10,29.581
2021-05-06 0:15,29.583
2021-05-06 0:20,29.582
2021-05-06 0:25,29.579
2021-05-06 0:30,29.574
2021-05-06 0:35,29.577
2021-05-06 0:40,29.579
2021-05-06 0:45,29.579
2021-05-06 0:50,29.58
2021-05-06 0:55,29.58
2021-05-06 1:00,29.58
2021-05-06 1:05,29.584
2021-05-06 1:10,29.578
2021-05-06 1:15,29.578
2021-05-06 1:20,29.582
2021-05-06 1:25,29.579
2021-05-06 1:30,29.579
2021-05-06 1:35,29.585
2021-05-06 1:40,29.586
2021-05-06 1:45,29.583
2021-05-06 1:50,29.589
2021-05-06 1:55,29.584
2021-05-06 2:00,29.582
2021-05-06 2:05,29.58
2021-05-06 2:10,29.583
2021-05-06 2:15,29.584
2021-05-06 2:20,29.59
2021-05-06 2:25,29.59
2021-05-06 2:30,29.591
2021-05-06 2:35,29.582
2021-05-06 2:40,29.585
2021-05-06 2:45,29.586
2021-05-06 2:50,29.586
2021-05-06 2:55,29.592
2021-05-06 3:00,29.576
2021-05-06 3:05,29.588
2021-05-06 3:10,29.587
2021-05-06 3:15,29.592
2021-05-06 3:20,29.596
2021-05-06 3:25,29.574
2021-05-06 3:30,29.587
2021-05-06 3:35,29.583
2021-05-06 3:40,29.583
2021-05-06 3:45,29.592
2021-05-06 3:50,29.591
2021-05-06 3:55,29.591
2021-05-06 4:00,29.593
2021-05-06 4:05,29.595
2021-05-06 4:10,29.594
2021-05-06 4:15,29.592
2021-05-06 4:20,29.588
2021-05-06 4:25,29.589
2021-05-06 4:30,29.592
2021-05-06 4:35,29.594
2021-05-06 4:40,29.594
2021-05-06 4:45,29.599
2021-05-06 4:50,29.596
2021-05-06 4:55,29.601
2021-05-06 5:00,29.602
2021-05-06 5:05,29.593
2021-05-06 5:10,29.596
2021-05-06 5:15,29.602
2021-05-06 5:20,29.603
2021-05-06 5:25,29.594
2021-05-06 5:30,29.598
2021-05-06 5:35,29.605
2021-05-06 5:40,29.592
2021-05-06 5:45,29.602
2021-05-06 5:50,29.599
2021-05-06 5:55,29.595
2021-05-06 6:00,29.596
2021-05-06 6:05,29.606
2021-05-06 6:10,29.589
2021-05-06 6:15,29.6
2021-05-06 6:20,29.596
2021-05-06 6:25,29.602
2021-05-06 6:30,29.601
2021-05-06 6:35,29.605
2021-05-06 6:40,29.598
2021-05-06 6:45,29.6
2021-05-06 6:50,29.606
2021-05-06 6:55,29.609
2021-05-06 7:00,29.608
2021-05-06 7:05,29.611
2021-05-06 7:10,29.609
2021-05-06 7:15,29.614
2021-05-06 7:20,29.614
2021-05-06 7:25,29.614
2021-05-06 7:30,29.609
2021-05-06 7:35,29.604
2021-05-06 7:40,29.612
2021-05-06 7:45,29.608
2021-05-06 7:50,29.611
2021-05-06 7:55,29.611
2021-05-06 8:00,29.612
2021-05-06 8:05,29.617
2021-05-06 8:10,29.615
2021-05-06 8:15,29.606
2021-05-06 8:20,29.611
2021-05-06 8:25,29.62
2021-05-06 8:30,29.615
2021-05-06 8:35,29.621
2021-05-06 8:40,29.62
2021-05-06 8:45,29.619
2021-05-06 8:50,29.618
2021-05-06 8:55,29.629
2021-05-06 9:00,29.626
2021-05-06 9:05,29.63
2021-05-06 9:10,29.62
2021-05-06 9:15,29.628
2021-05-06 9:20,29.626
2021-05-06 9:25,29.631
2021-05-06 9:30,29.627
2021-05-06 9:35,29.63
2021-05-06 9:40,29.634
2021-05-06 9:45,29.618
2021-05-06 9:50,29.639
2021-05-06 9:55,29.627
2021-05-06 10:00,29.64
2021-05-06 10:05,29.633
2021-05-06 10:10,29.639
2021-05-06 10:15,29.652
2021-05-06 10:20,29.642
2021-05-06 10:25,29.638
2021-05-06 10:30,29.65
2021-05-06 10:35,29.645
2021-05-06 10:40,29.642
2021-05-06 10:45,29.647
2021-05-06 10:50,29.652
2021-05-06 10:55,29.648
2021-05-06 11:00,29.649
2021-05-06 11:05,29.65
2021-05-06 11:10,29.655
2021-05-06 11:15,29.65
2021-05-06 11:20,29.654
2021-05-06 11:25,29.655
2021-05-06 11:30,29.658
2021-05-06 11:35,29.655
2021-05-06 11:40,29.654
2021-05-06 11:45,29.649
2021-05-06 11:50,29.655
2021-05-06 11:55,29.651
2021-05-06 12:00,29.651
2021-05-06 12:05,29.652
2021-05-06 12:10,29.641
2021-05-06 12:15,29.644
2021-05-06 12:20,29.65
2021-05-06 12:25,29.638
2021-05-06 12:30,29.651
2021-05-06 12:35,29.647
2021-05-06 12:40,29.642
2021-05-06 12:45,29.654
2021-05-06 12:50,29.65
2021-05-06 12:55,29.651
2021-05-06 13:00,29.646
2021-05-06 13:05,29.647
2021-05-06 13:10,29.643
2021-05-06 13:15,29.646
2021-05-06 13:20,29.643
2021-05-06 13:25,29.647
2021-05-06 13:30,29.638
2021-05-06 13:35,29.634
2021-05-06 13:40,29.645
2021-05-06 13:45,29.649
2021-05-06 13:50,29.642
2021-05-06 13:55,29.635
2021-05-06 14:00,29.643
2021-05-06 14:05,29.635
2021-05-06 14:10,29.638
2021-05-06 14:15,29.64
2021-05-06 14:20,29.642
2021-05-06 14:25,29.641
2021-05-06 14:30,29.64
2021-05-06 14:35,29.645
2021-05-06 14:40,29.631
2021-05-06 14:45,29.639
2021-05-06 14:50,29.642
2021-05-06 14:55,29.644
2021-05-06 15:00,29.647
2021-05-06 15:05,29.643
2021-05-06 15:10,29.647
2021-05-06 15:15,29.643
2021-05-06 15:20,29.647
2021-05-06 15:25,29.646
2021-05-06 15:30,29.642
2021-05-06 15:35,29.645
2021-05-06 15:40,29.642
2021-05-06 15:45,29.641
2021-05-06 15:50,29.647
2021-05-06 15:55,29.647
2021-05-06 16:00,29.643
2021-05-06 16:05,29.644
2021-05-06 16:10,29.646
2021-05-06 16:15,29.647
2021-05-06 16:20,29.644
2021-05-06 16:25,29.646
2021-05-06 16:30,29.651
2021-05-06 16:35,29.652
2021-05-06 16:40,29.653
2021-05-06 16:45,29.653
2021-05-06 16:50,29.651
2021-05-06 16:55,29.649
2021-05-06 17:00,29.653
2021-05-06 17:05,29.649
2021-05-06 17:10,29.642
2021-05-06 17:15,29.647
2021-05-06 17:20,29.648
2021-05-06 17:25,29.645
2021-05-06 17:30,29.648
2021-05-06 17:35,29.652
2021-05-06 17:40,29.645
2021-05-06 17:45,29.648
2021-05-06 17:50,29.648
2021-05-06 17:55,29.65
2021-05-06 18:00,29.656
2021-05-06 18:05,29.653
2021-05-06 18:10,29.654
2021-05-06 18:15,29.643
2021-05-06 18:20,29.651
2021-05-06 18:25,29.652
2021-05-06 18:30,29.653
2021-05-06 18:35,29.65
2021-05-06 18:40,29.649
2021-05-06 18:45,29.65
2021-05-06 18:50,29.652
2021-05-06 18:55,29.654
2021-05-06 19:00,29.656
2021-05-06 19:05,29.652
2021-05-06 19:10,29.654
2021-05-06 19:15,29.656
2021-05-06 19:20,29.662
2021-05-06 19:25,29.658
2021-05-06 19:30,29.658
2021-05-06 19:35,29.659
2021-05-06 19:40,29.656
2021-05-06 19:45,29.661
2021-05-06 19:50,29.662
2021-05-06 19:55,29.665
2021-05-06 20:00,29.662
2021-05-06 20:05,29.662
2021-05-06 20:10,29.664
2021-05-06 20:15,29.671
2021-05-06 20:20,29.663
2021-05-06 20:25,29.667
2021-05-06 20:30,29.666
2021-05-06 20:35,29.67
2021-05-06 20:40,29.671
2021-05-06 20:45,29.673
2021-05-06 20:50,29.673
2021-05-06 20:55,29.67
2021-05-06 21:00,29.67
2021-05-06 21:05,29.67
2021-05-06 21:10,29.668
2021-05-06 21:15,29.666
2021-05-06 21:20,29.672
2021-05-06 21:25,29.669
2021-05-06 21:30,29.671
2021-05-06 21:35,29.672
2021-05-06 21:40,29.672
2021-05-06 21:45,29.674
2021-05-06 21:50,29.675
2021-05-06 21:55,29.67
2021-05-06 22:00,29.679
2021-05-06 22:05,29.673
2021-05-06 22:10,29.672
2021-05-06 22:15,29.674
2021-05-06 22:20,29.684
2021-05-06 22:25,29.681
2021-05-06 22:30,29.677
2021-05-06 22:35,29.675
2021-05-06 22:40,29.665
2021-05-06 22:45,29.66
2021-05-06 22:50,29.654
2021-05-06 22:55,29.657
2021-05-06 23:00,29.65
2021-05-06 23:05,29.644
2021-05-06 23:10,29.645
2021-05-06 23:15,29.644
2021-05-06 23:20,29.651
2021-05-06 23:25,29.648
2021-05-06 23:30,29.642
2021-05-06 23:35,29.638
2021-05-06 23:40,29.63
2021-05-06 23:45,29.641
2021-05-06 23:50,29.64
2021-05-06 23:55,29.642
2021-05-07 0:00,29.646
2021-05-07 0:05,29.651
2021-05-07 0:10,29.644
2021-05-07 0:15,29.617
2021-05-07 0:20,29.625
2021-05-07 0:25,29.631
2021-05-07 0:30,29.635
2021-05-07 0:35,29.641
2021-05-07 0:40,29.642
2021-05-07 0:45,29.633
2021-05-07 0:50,29.636
2021-05-07 0:55,29.638
2021-05-07 1:00,29.646
2021-05-07 1:05,29.648
2021-05-07 1:10,29.648
2021-05-07 1:15,29.646
2021-05-07 1:20,29.646
2021-05-07 1:25,29.655
2021-05-07 1:30,29.657
2021-05-07 1:35,29.658
2021-05-07 1:40,29.659
2021-05-07 1:45,29.666
2021-05-07 1:50,29.665
2021-05-07 1:55,29.656
2021-05-07 2:00,29.666
2021-05-07 2:05,29.67
2021-05-07 2:10,29.665
2021-05-07 2:15,29.666
2021-05-07 2:20,29.673
2021-05-07 2:25,29.668
2021-05-07 2:30,29.663
2021-05-07 2:35,29.667
2021-05-07 2:40,29.677
2021-05-07 2:45,29.681
2021-05-07 2:50,29.678
2021-05-07 2:55,29.681
2021-05-07 3:00,29.674
2021-05-07 3:05,29.676
2021-05-07 3:10,29.679
2021-05-07 3:15,29.687
2021-05-07 3:20,29.691
2021-05-07 3:25,29.685
2021-05-07 3:30,29.678
2021-05-07 3:35,29.681
2021-05-07 3:40,29.685
2021-05-07 3:45,29.684
2021-05-07 3:50,29.685
2021-05-07 3:55,29.684
2021-05-07 4:00,29.683
2021-05-07 4:05,29.677
2021-05-07 4:10,29.674
2021-05-07 4:15,29.676
2021-05-07 4:20,29.674
2021-05-07 4:25,29.675
2021-05-07 4:30,29.671
2021-05-07 4:35,29.671
2021-05-07 4:40,29.664
2021-05-07 4:45,29.662
2021-05-07 4:50,29.665
2021-05-07 4:55,29.664
2021-05-07 5:00,29.671
2021-05-07 5:05,29.668
2021-05-07 5:10,29.668
2021-05-07 5:15,29.664
2021-05-07 5:20,29.664
2021-05-07 5:25,29.668
2021-05-07 5:30,29.674
2021-05-07 5:35,29.674
2021-05-07 5:40,29.668
2021-05-07 5:45,29.667
2021-05-07 5:50,29.662
2021-05-07 5:55,29.663
2021-05-07 6:00,29.668
2021-05-07 6:05,29.665
2021-05-07 6:10,29.672
2021-05-07 6:15,29.659
2021-05-07 6:20,29.672
2021-05-07 6:25,29.677
2021-05-07 6:30,29.68
2021-05-07 6:35,29.681
2021-05-07 6:40,29.68
2021-05-07 6:45,29.682
2021-05-07 6:50,29.681
2021-05-07 6:55,29.686
2021-05-07 7:00,29.688
2021-05-07 7:05,29.686
2021-05-07 7:10,29.685
2021-05-07 7:15,29.688
2021-05-07 7:20,29.692
2021-05-07 7:25,29.689
2021-05-07 7:30,29.691
2021-05-07 7:35,29.689
2021-05-07 7:40,29.695
2021-05-07 7:45,29.696
2021-05-07 7:50,29.697
2021-05-07 7:55,29.7
2021-05-07 8:00,29.691
2021-05-07 8:05,29.69
2021-05-07 8:10,29.692
2021-05-07 8:15,29.699
2021-05-07 8:20,29.689
2021-05-07 8:25,29.696
2021-05-07 8:30,29.698
2021-05-07 8:35,29.7
2021-05-07 8:40,29.698
2021-05-07 8:45,29.693
2021-05-07 8:50,29.706
2021-05-07 8:55,29.709
2021-05-07 9:00,29.703
2021-05-07 9:05,29.699
2021-05-07 9:10,29.699
2021-05-07 9:15,29.699
2021-05-07 9:20,29.699
2021-05-07 9:25,29.699
2021-05-07 9:30,29.701
2021-05-07 9:35,29.693
2021-05-07 9:40,29.691
2021-05-07 9:45,29.696
2021-05-07 9:50,29.698
2021-05-07 9:55,29.697
2021-05-07 10:00,29.696
2021-05-07 10:05,29.701
2021-05-07 10:10,29.703
2021-05-07 10:15,29.702
2021-05-07 10:20,29.701
2021-05-07 10:25,29.697
2021-05-07 10:30,29.699
2021-05-07 10:35,29.698
2021-05-07 10:40,29.702
2021-05-07 10:45,29.693
2021-05-07 10:50,29.701
2021-05-07 10:55,29.699
2021-05-07 11:00,29.698
2021-05-07 11:05,29.698
2021-05-07 11:10,29.696
2021-05-07 11:15,29.695
2021-05-07 11:20,29.695
2021-05-07 11:25,29.697
2021-05-07 11:30,29.697
2021-05-07 11:35,29.698
2021-05-07 11:40,29.704
2021-05-07 11:45,29.706
2021-05-07 11:50,29.705
2021-05-07 11:55,29.702
2021-05-07 12:00,29.703
2021-05-07 12:05,29.709
2021-05-07 12:10,29.711
2021-05-07 12:15,29.705
2021-05-07 12:20,29.705
2021-05-07 12:25,29.703
2021-05-07 12:30,29.703
2021-05-07 12:35,29.706
2021-05-07 12:40,29.71
2021-05-07 12:45,29.708
2021-05-07 12:50,29.708
2021-05-07 12:55,29.711
2021-05-07 13:00,29.71
2021-05-07 13:05,29.71
2021-05-07 13:10,29.714
2021-05-07 13:15,29.716
2021-05-07 13:20,29.718
2021-05-07 13:25,29.719
2021-05-07 13:30,29.72
2021-05-07 13:35,29.718
2021-05-07 13:40,29.716
2021-05-07 13:45,29.719
2021-05-07 13:50,29.72
2021-05-07 13:55,29.717
2021-05-07 14:00,29.719
2021-05-07 14:05,29.72
2021-05-07 14:10,29.718
2021-05-07 14:15,29.717
2021-05-07 14:20,29.706
2021-05-07 14:25,29.716
2021-05-07 14:30,29.716
2021-05-07 14:35,29.718
2021-05-07 14:40,29.716
2021-05-07 14:45,29.716
2021-05-07 14:50,29.717
2021-05-07 14:55,29.714
2021-05-07 15:00,29.717
2021-05-07 15:05,29.718
2021-05-07 15:10,29.702
2021-05-07 15:15,29.712
2021-05-07 15:20,29.719
2021-05-07 15:25,29.724
2021-05-07 15:30,29.72
2021-05-07 15:35,29.712
2021-05-07 15:40,29.714
2021-05-07 15:45,29.714
2021-05-07 15:50,29.713
2021-05-07 15:55,29.717
2021-05-07 16:00,29.721
2021-05-07 16:05,29.72
2021-05-07 16:10,29.715
2021-05-07 16:15,29.719
2021-05-07 16:20,29.719
2021-05-07 16:25,29.717
2021-05-07 16:30,29.715
2021-05-07 16:35,29.72
2021-05-07 16:40,29.723
2021-05-07 16:45,29.721
2021-05-07 16:50,29.724
2021-05-07 16:55,29.731
2021-05-07 17:00,29.736
2021-05-07 17:05,29.731
2021-05-07 17:10,29.727
2021-05-07 17:15,29.735
2021-05-07 17:20,29.736
2021-05-07 17:25,29.738
2021-05-07 17:30,29.737
2021-05-07 17:35,29.739
2021-05-07 17:40,29.744
2021-05-07 17:45,29.742
2021-05-07 17:50,29.748
2021-05-07 17:55,29.745
2021-05-07 18:00,29.741
2021-05-07 18:05,29.738
2021-05-07 18:10,29.744
2021-05-07 18:15,29.752
2021-05-07 18:20,29.75
2021-05-07 18:25,29.746
2021-05-07 18:30,29.746
2021-05-07 18:35,29.754
2021-05-07 18:40,29.754
2021-05-07 18:45,29.755
2021-05-07 18:50,29.75
2021-05-07 18:55,29.75
2021-05-07 19:00,29.75
2021-05-07 19:05,29.753
2021-05-07 19:10,29.755
2021-05-07 19:15,29.751
2021-05-07 19:20,29.75
2021-05-07 19:25,29.749
2021-05-07 19:30,29.75
2021-05-07 19:35,29.751
2021-05-07 19:40,29.748
2021-05-07 19:45,29.751
2021-05-07 19:50,29.753
2021-05-07 19:55,29.75
2021-05-07 20:00,29.747
2021-05-07 20:05,29.75
2021-05-07 20:10,29.75
2021-05-07 20:15,29.749
2021-05-07 20:20,29.751
2021-05-07 20:25,29.748
2021-05-07 20:30,29.747
2021-05-07 20:35,29.752
2021-05-07 20:40,29.751
2021-05-07 20:45,29.75
2021-05-07 20:50,29.748
2021-05-07 20:55,29.743
2021-05-07 21:00,29.747
2021-05-07 21:05,29.745
2021-05-07 21:10,29.744
2021-05-07 21:15,29.74
2021-05-07 21:20,29.739
2021-05-07 21:25,29.738
2021-05-07 21:30,29.742
2021-05-07 21:35,29.746
2021-05-07 21:40,29.75
2021-05-07 21:45,29.749
2021-05-07 21:50,29.751
2021-05-07 21:55,29.756
2021-05-07 22:00,29.757
2021-05-07 22:05,29.757
2021-05-07 22:10,29.757
2021-05-07 22:15,29.758
2021-05-07 22:20,29.758
2021-05-07 22:25,29.761
2021-05-07 22:30,29.764
2021-05-07 22:35,29.767
2021-05-07 22:40,29.763
2021-05-07 22:45,29.76
2021-05-07 22:50,29.763
2021-05-07 22:55,29.767
2021-05-07 23:00,29.768
2021-05-07 23:05,29.767
2021-05-07 23:10,29.768
2021-05-07 23:15,29.76
2021-05-07 23:20,29.768
2021-05-07 23:25,29.773
2021-05-07 23:30,29.775
2021-05-07 23:35,29.774
2021-05-07 23:40,29.771
2021-05-07 23:45,29.776
2021-05-07 23:50,29.777
2021-05-07 23:55,29.774
2021-05-08 0:00,29.775
2021-05-08 0:05,29.774
2021-05-08 0:10,29.778
2021-05-08 0:15,29.779
2021-05-08 0:20,29.778
2021-05-08 0:25,29.774
2021-05-08 0:30,29.772
2021-05-08 0:35,29.768
2021-05-08 0:40,29.775
2021-05-08 0:45,29.779
2021-05-08 0:50,29.779
2021-05-08 0:55,29.776
2021-05-08 1:00,29.777
2021-05-08 1:05,29.779
2021-05-08 1:10,29.775
2021-05-08 1:15,29.773
2021-05-08 1:20,29.777
2021-05-08 1:25,29.78
2021-05-08 1:30,29.778
2021-05-08 1:35,29.776
2021-05-08 1:40,29.777
2021-05-08 1:45,29.779
2021-05-08 1:50,29.781
2021-05-08 1:55,29.779
2021-05-08 2:00,29.777
2021-05-08 2:05,29.773
2021-05-08 2:10,29.777
2021-05-08 2:15,29.778
2021-05-08 2:20,29.78
2021-05-08 2:25,29.776
2021-05-08 2:30,29.775
2021-05-08 2:35,29.777
2021-05-08 2:40,29.779
2021-05-08 2:45,29.774
2021-05-08 2:50,29.774
2021-05-08 2:55,29.776
2021-05-08 3:00,29.781
2021-05-08 3:05,29.782
2021-05-08 3:10,29.785
2021-05-08 3:15,29.782
2021-05-08 3:20,29.781
2021-05-08 3:25,29.782
2021-05-08 3:30,29.783
2021-05-08 3:35,29.783
2021-05-08 3:40,29.782
2021-05-08 3:45,29.783
2021-05-08 3:50,29.784
2021-05-08 3:55,29.786
2021-05-08 4:00,29.784
2021-05-08 4:05,29.784
2021-05-08 4:10,29.787
2021-05-08 4:15,29.789
2021-05-08 4:20,29.785
2021-05-08 4:25,29.787
2021-05-08 4:30,29.79
2021-05-08 4:35,29.791
2021-05-08 4:40,29.793
2021-05-08 4:45,29.796
2021-05-08 4:50,29.792
2021-05-08 4:55,29.791
2021-05-08 5:00,29.793
2021-05-08 5:05,29.796
2021-05-08 5:10,29.793
2021-05-08 5:15,29.796
2021-05-08 5:20,29.795
2021-05-08 5:25,29.799
2021-05-08 5:30,29.799
2021-05-08 5:35,29.798
2021-05-08 5:40,29.8
2021-05-08 5:45,29.8
2021-05-08 5:50,29.8
2021-05-08 5:55,29.799
2021-05-08 6:00,29.801
2021-05-08 6:05,29.801
2021-05-08 6:10,29.8
2021-05-08 6:15,29.806
2021-05-08 6:20,29.805
2021-05-08 6:25,29.807
2021-05-08 6:30,29.804
2021-05-08 6:35,29.803
2021-05-08 6:40,29.805
2021-05-08 6:45,29.809
2021-05-08 6:50,29.808
2021-05-08 6:55,29.805
2021-05-08 7:00,29.799
2021-05-08 7:05,29.801
2021-05-08 7:10,29.802
2021-05-08 7:15,29.805
2021-05-08 7:20,29.807
2021-05-08 7:25,29.805
2021-05-08 7:30,29.806
2021-05-08 7:35,29.804
2021-05-08 7:40,29.805
2021-05-08 7:45,29.806
2021-05-08 7:50,29.81
2021-05-08 7:55,29.81
2021-05-08 8:00,29.81
2021-05-08 8:05,29.808
2021-05-08 8:10,29.807
2021-05-08 8:15,29.806
2021-05-08 8:20,29.804
2021-05-08 8:25,29.807
2021-05-08 8:30,29.81
2021-05-08 8:35,29.815
2021-05-08 8:40,29.817
2021-05-08 8:45,29.817
2021-05-08 8:50,29.82
2021-05-08 8:55,29.816
2021-05-08 9:00,29.816
2021-05-08 9:05,29.816
2021-05-08 9:10,29.823
2021-05-08 9:15,29.821
2021-05-08 9:20,29.828
2021-05-08 9:25,29.832
2021-05-08 9:30,29.834
2021-05-08 9:35,29.833
2021-05-08 9:40,29.832
2021-05-08 9:45,29.838
2021-05-08 9:50,29.839
2021-05-08 9:55,29.84
2021-05-08 10:00,29.84
2021-05-08 10:05,29.843
2021-05-08 10:10,29.846
2021-05-08 10:15,29.838
2021-05-08 10:20,29.849
2021-05-08 10:25,29.849
